Acting Comptroller Discusses Bank Liquidity Risk,https://www.occ.gov/news-issuances/news-releases/2024/nr-occ-2024-4.html,OCC
Acting Comptroller to Offer Remarks on Bank Mergers,https://www.occ.gov/news-events/events/files/event-acting-comptroller-speech-bank-mergers-1-2024.html,OCC
OCC Hosts Appraisal Subcommittee Public Hearing on Appraisal Bias,https://www.occ.gov/news-issuances/news-releases/2024/nr-occ-2024-2.html,OCC
Acting Comptroller Discusses Bank Liquidity Risk,https://www.occ.gov/news-issuances/news-releases/2024/nr-occ-2024-4.html,OCC
OCC Announces Enforcement Actions for January 2024,https://www.occ.gov/news-issuances/news-releases/2024/nr-occ-2024-3.html,OCC
Semiannual Risk Perspective: Fall 2023,https://www.occ.gov/publications-and-resources/publications/semiannual-risk-perspective/files/semiannual-risk-perspective-fall-2023.html,OCC
Bank Accounting Advisory Series,https://www.occ.gov/publications-and-resources/publications/banker-education/files/bank-accounting-advisory-series.html,OCC
Acting Comptroller Speech on Bank Mergers,https://www.occ.gov/news-events/events/files/event-acting-comptroller-speech-bank-mergers-1-2024.html,OCC
Tax Time Resources,https://www.occ.gov/news-events/events/files/event-tax-time-resources-feb-06-2024.html,OCC
Civil Money Penalties: Notice Adjusting Maximum Civil Money Penalties for 2024,https://www.occ.gov/news-issuances/bulletins/2024/bulletin-2024-2.html,OCC
State Small Business Credit Initiative 2.0: Frequently Asked Questions,https://www.occ.gov/news-issuances/bulletins/2024/bulletin-2024-1.html,OCC
OCC Symposium on the Tokenization of Real-World Assets and Liabilities,https://www.occ.gov/news-events/events/files/event-other-occ-symposium.html,OCC
Quarterly Report on Bank Trading and Derivatives Activities: Third Quarter 2023,https://www.occ.gov/publications-and-resources/publications/quarterly-report-on-bank-trading-and-derivatives-activities/files/q3-2023-derivatives-quarterly.html,OCC
OCC Requests Comments on Bank Mergers,https://www.occ.gov/news-issuances/news-releases/2024/nr-occ-2024-7.html,OCC
OCC Promotes 2024 Earned Income Tax Credit Awareness Day,https://www.occ.gov/news-issuances/news-releases/2024/nr-occ-2024-5.html,OCC
Acting Comptroller Discusses Bank Mergers,https://www.occ.gov/news-issuances/news-releases/2024/nr-occ-2024-6.html,OCC
Business Combinations Under the Bank Merger Act: Notice of Proposed Rulemaking,https://www.occ.gov/news-issuances/bulletins/2024/bulletin-2024-4.html,OCC
Community Bank Director Workshop: Building Blocks,https://www.occ.gov/news-events/events/files/event-comm-bank-dir-wksp-building-blocks-02-15-2024.html,OCC
Mortgage Metrics Report: Third Quarter 2023,https://www.occ.gov/publications-and-resources/publications/mortgage-metrics-reports/files/mortgage-metrics-report-q3-2023.html,OCC
2023 Cybersecurity and Financial System Resilience Report,https://www.occ.gov/publications-and-resources/publications/cybersecurity-and-financial-system-resilience/files/2023-cybersecurity-report.html,OCC
OCC Hosts Public Appraisal Subcommittee Hearing on Appraisal Bias,https://www.occ.gov/news-events/events/files/event-other-event-occ-hearing-appraisal-bias.html,OCC
OCC Assesses $65 Million Penalty Against City National Bank,https://www.occ.gov/news-issuances/news-releases/2024/nr-occ-2024-8.html,OCC
2023 Annual Report,https://www.occ.gov/publications-and-resources/publications/annual-report/files/2023-annual-report.html,OCC
OCC Releases CRA Evaluations for 18 National Banks and Federal Savings Associations,https://www.occ.gov/news-issuances/news-releases/2024/nr-occ-2024-9.html,OCC
Securities Operations: Shortening the Standard Settlement Cycle,https://www.occ.gov/news-issuances/bulletins/2024/bulletin-2024-3.html,OCC
Federal Bank Regulatory Agencies Seek Comment on Interagency Effort to Reduce Regulatory Burden,https://www.occ.gov/news-issuances/news-releases/2024/nr-ia-2024-10.html,OCC
"Economic Growth and Regulatory Paperwork Reduction Act of 1996: Regulatory Review to Identify Outdated, Unnecessary, or Unduly Burdensome Regulations",https://www.occ.gov/news-issuances/bulletins/2024/bulletin-2024-5.html,OCC
OCC to Host Office Hours in San Francisco,https://www.occ.gov/news-issuances/news-releases/2024/nr-occ-2024-26.html,OCC
Agencies Take Temporary Action on Appraisal Requirements in Area Affected by Hawaii Wildfires,https://www.occ.gov/news-issuances/news-releases/2024/nr-ia-2024-24.html,OCC
Acting Comptroller Discusses Operational Resiliency,https://www.occ.gov/news-issuances/news-releases/2024/nr-occ-2024-23.html,OCC
OCC to Host Office Hours in San Francisco,https://www.occ.gov/news-issuances/news-releases/2024/nr-occ-2024-26.html,OCC
"OCC Assesses $250 Million Civil Money Penalty Against JPMorgan Chase Bank, N.A. Related to Bankâs Trade Surveillance Program",https://www.occ.gov/news-issuances/news-releases/2024/nr-occ-2024-25.html,OCC
Agencies Take Temporary Action on Appraisal Requirements in Area Affected by Hawaii Wildfires,https://www.occ.gov/news-issuances/news-releases/2024/nr-ia-2024-24.html,OCC
Real Estate Appraisals: Temporary Exceptions to Appraisal Requirements in Areas Affected by Hawaii Wildfires,https://www.occ.gov/news-issuances/bulletins/2024/bulletin-2024-8.html,OCC
Freedom of Information Act: Notice of Proposed Rulemaking to Amend Freedom of Information Act Regulations,https://www.occ.gov/news-issuances/bulletins/2024/bulletin-2024-7.html,OCC
Real Estate Appraisals and Evaluations: FFIEC Statement on Examination Principles Related to Valuation Discrimination and Bias in Residential Lending,https://www.occ.gov/news-issuances/bulletins/2024/bulletin-2024-6.html,OCC
Shared National Credit Report 2023,https://www.occ.gov/publications-and-resources/publications/shared-national-credit-report/files/shared-national-credit-report-2023.html,OCC
Shreveport Interagency Bankers Roundtable: Exploring Todayâs Community and Economic Development Needs and Opportunities,https://www.occ.gov/news-events/events/files/event-shreveport-interagency-bankers-roundtable.html,OCC
San Diego Bank On Forum,https://www.occ.gov/news-events/events/files/event-san-diego-bank-on-forum-mar-21-2024.html,OCC
Acting Comptroller Discusses Public Trust in Banking,https://www.occ.gov/news-events/events/files/event-acting-comptroller-discusses-public-trust-in-banking.html,OCC
Community Bank Director Workshop: Risk Governance,https://www.occ.gov/news-events/events/files/event-comm-bank-dir-wksp-risk-governance-mar-26-2024.html,OCC
